Product Link,Product Image,Product Title
https://hiscotools.com/product/hi12105-2/,https://i0.wp.com/hiscotools.com/wp-content/uploads/2019/12/12105_WEB-1.jpg?fit=324%2C324&ssl=1,HI12105
https://hiscotools.com/product/hi12115-2/,https://i0.wp.com/hiscotools.com/wp-content/uploads/2019/12/12115_WEB-1.jpg?fit=324%2C324&ssl=1,HI12115
https://hiscotools.com/product/hi12304-2/,https://i0.wp.com/hiscotools.com/wp-content/uploads/2019/12/12304_WEB-1.jpg?fit=324%2C324&ssl=1,HI12304
https://hiscotools.com/product/hicm-5-2/,,HICM-5
https://hiscotools.com/product/hicm-5h-2/,https://i0.wp.com/hiscotools.com/wp-content/uploads/2019/12/HICM-5H.jpg?fit=324%2C685&ssl=1,HICM-5H
https://hiscotools.com/product/hicm-5hw-2/,https://i0.wp.com/hiscotools.com/wp-content/uploads/2019/12/HICM-5HW.jpg?fit=324%2C703&ssl=1,HICM-5HW
https://hiscotools.com/product/hidba-6-2/,https://i0.wp.com/hiscotools.com/wp-content/uploads/2019/12/HIDBA-6-1.jpg?fit=259%2C768&ssl=1,HIDBA-6
https://hiscotools.com/product/hidba-6w-2/,https://i0.wp.com/hiscotools.com/wp-content/uploads/2019/12/HIDBA-6W-1.jpg?fit=242%2C768&ssl=1,HIDBA-6W
https://hiscotools.com/product/hipa-6-2/,https://i0.wp.com/hiscotools.com/wp-content/uploads/2019/12/HIPA-6-1.jpg?fit=299%2C768&ssl=1,HIPA-6
https://hiscotools.com/product/hipa-6w-2/,https://i0.wp.com/hiscotools.com/wp-content/uploads/2019/12/HIPA-6W.jpg?fit=290%2C768&ssl=1,HIPA-6W
https://hiscotools.com/product/hipm-5-2/,,HIPM-5
https://hiscotools.com/product/hipm-5h-2/,https://i0.wp.com/hiscotools.com/wp-content/uploads/2019/12/HIPM-5H.jpg?fit=324%2C592&ssl=1,HIPM-5H
https://hiscotools.com/product/hipm-5hw-2/,https://i0.wp.com/hiscotools.com/wp-content/uploads/2019/12/HIPM-5HW-1.jpg?fit=324%2C601&ssl=1,HIPM-5HW
https://hiscotools.com/product/hirp-5-2/,https://i0.wp.com/hiscotools.com/wp-content/uploads/2019/12/HIRP-5.jpg?fit=324%2C324&ssl=1,HIRP-5
https://hiscotools.com/product/hirp-5h-2/,https://i0.wp.com/hiscotools.com/wp-content/uploads/2019/12/HIRP-5H-1.jpg?fit=324%2C551&ssl=1,HIRP-5H
https://hiscotools.com/product/hirp-5hw-2/,https://i0.wp.com/hiscotools.com/wp-content/uploads/2019/12/HIRP-5HW.jpg?fit=324%2C552&ssl=1,HIRP-5HW
https://hiscotools.com/product/hisba-6-2/,https://i0.wp.com/hiscotools.com/wp-content/uploads/2019/12/HISBA-6-1.jpg?fit=206%2C768&ssl=1,HISBA-6
https://hiscotools.com/product/hisba-6w-2/,https://i0.wp.com/hiscotools.com/wp-content/uploads/2019/12/HISBA-6W-1.jpg?fit=194%2C768&ssl=1,HISBA-6W
